Dataset,Model,AUC,Accuracy
PPI,Node2Vec,0.63391845425399,0.5967991739803821
PPI,GraphSAGE,0.8030232481487276,0.6291946308724832
PPI,GAT,0.7967510414753782,0.6646016176217519
Wikipedia,Node2Vec,0.8800023316853695,0.8046008070327136
Wikipedia,GraphSAGE,0.8884974912419534,0.5086647931978672
Wikipedia,GAT,0.9055324841601885,0.5
BlogCatalog,Node2Vec,0.8951454684822753,0.8204201806477369
BlogCatalog,GraphSAGE,0.9293536923822938,0.61448675083587
BlogCatalog,GAT,0.9224367857696205,0.6409551374819102
